Row,avg_time_eig,avg_time_grad
WLK21,115.3161636,127.583782
WK20,20.2445996,501.133975
JL19,18.5755986,812.5589142
