Row,avg_time_eig,avg_time_grad
WLK21,3501.2775276,2201.9962834
WK20,403.796524,7224.4605976
JL19,510.3896792,13090.6287326
