Row,avg_time_eig,avg_time_grad
WLK21,498.8743418,102.0121098
WK20,429.3834696,1272.0080924
JL19,523.5971774,2822.5972152
