Row,avg_time_eig,avg_time_grad
WLK21,97.7865034,77.6819732
WK20,30.456106,331.697795
JL19,34.3590362,795.062533
