Row,avg_time_eig,avg_time_grad
WLK21,1927.3695414,692.2077692
WK20,611.338957,10040.9412254
JL19,513.077845,12952.544896
