Row,avg_time_eig,avg_time_grad
WLK21,18.7261186,11.2950136
WK20,17.8043024,94.9359726
JL19,17.9490856,347.7159558
