Row,avg_time_eig,avg_time_grad
WLK21,0.43664301,0.17996514
WK20,0.1189065,0.55633825
JL19,0.11975888,2.82201115
