Row,avg_time_eig,avg_time_grad
WLK21,1.96093055,1.62237243
WK20,0.48918023,6.27549292
JL19,0.50026575,44.54446087
