Row,avg_time_eig,avg_time_grad
WLK21,0.69677097,0.50061491
WK20,0.11888298,1.47122004
JL19,0.1226579,2.80775885
