Row,avg_time_eig,avg_time_grad
WLK21,0.1339756,0.04488006
WK20,0.12278886,0.34807221
JL19,0.11863186,0.93166278
