Row,avg_time_eig,avg_time_grad
WLK21,3.68299145,4.82150162
WK20,0.55075637,15.48573273
JL19,0.55415867,47.18049545
