Row,avg_time_eig,avg_time_grad
WLK21,0.63908937,0.37678252
WK20,0.53028896,3.7147628
JL19,0.54644242,12.0012913
