Row,avg_time_eig,avg_time_grad
WLK21,13.44784646,5.00967667
WK20,11.31547226,57.97155964
JL19,11.59274863,143.0200013
