Row,avg_time_eig,avg_time_grad
WLK21,48.95574022,28.96915153
WK20,10.98602882,201.61897085
JL19,11.17015491,389.04859952
