Row,avg_time_eig,avg_time_grad
WLK21,1.70775873,0.74575595
WK20,1.51250084,7.4629869
JL19,1.52291551,20.38315593
