Row,avg_time_eig,avg_time_grad
WLK21,9.61181923,10.14635262
WK20,1.55747594,31.12697169
JL19,1.59399999,49.0873314
