Row,avg_time_eig,avg_time_grad
WLK21,85.10847505,80.52358207
WK20,10.74795917,245.936833
JL19,11.07173506,388.81261346
