Row,avg_time_eig,avg_time_grad
WLK21,5.78705784,3.55836311
WK20,1.50447231,15.39021179
JL19,1.48809062,48.30525211
