Row,avg_time_eig,avg_time_grad
WLK21,1.70601739,0.74378097
WK20,1.49037817,7.34960729
JL19,1.51706937,20.35391529
