Row,avg_time_eig,avg_time_grad
WLK21,9.61510507,10.20123337
WK20,1.5488417,31.21725576
JL19,1.58584214,47.70822131
