Row,avg_time_eig,avg_time_grad
WLK21,5.7560203,3.5569766
WK20,1.49916995,15.28757346
JL19,1.49147118,47.27334821
