Row,avg_time_eig,avg_time_grad
WLK21,13.38135154,4.94783539
WK20,11.11373177,57.87558877
JL19,11.62153536,144.02719341
