Row,avg_time_eig,avg_time_grad
WLK21,84.63217479,80.35254064
WK20,10.5555173,246.38181822
JL19,10.852509,389.3239776
