Row,avg_time_eig,avg_time_grad
WLK21,48.43239918,28.63291053
WK20,10.70259439,200.43337969
JL19,10.90479459,387.39271236
