Row,avg_time_eig,avg_time_grad
WLK21,0.57937522,0.32951559
WK20,0.4604703,3.19791481
JL19,0.49328858,10.83449381
