Row,avg_time_eig,avg_time_grad
WLK21,3.62570735,4.62931859
WK20,0.54942352,15.06905969
JL19,0.56359658,45.44444124
