Row,avg_time_eig,avg_time_grad
WLK21,0.68156052,0.49629037
WK20,0.12072097,1.48836773
JL19,0.1215285,2.85121128
