Row,avg_time_eig,avg_time_grad
WLK21,0.14073186,0.04581067
WK20,0.11882949,0.34940827
JL19,0.12327099,0.95392821
