Row,avg_time_eig,avg_time_grad
WLK21,0.42014541,0.17809943
WK20,0.11435874,0.54555105
JL19,0.11817089,2.73724198
