Row,avg_time_eig,avg_time_grad
WLK21,2.06939727,1.66953125
WK20,0.53124989,6.44571936
JL19,0.55075349,45.54589029
