Row,avg_time_eig,avg_time_grad
WLK21,63.07608372,34.52252273
WK20,13.27337183,233.45794276
JL19,12.84685483,600.3185938
