Row,avg_time_eig,avg_time_grad
WLK21,2.31987739,1.0183158
WK20,1.97556611,9.42064326
JL19,2.21235929,25.08201728
