Row,avg_time_eig,avg_time_grad
WLK21,9.96031773,10.37932173
WK20,1.59352076,31.97865653
JL19,1.63948396,49.45672184
