Row,avg_time_eig,avg_time_grad
WLK21,16.93705124,5.76369244
WK20,13.18514482,68.3251705
JL19,16.09706242,199.43886326
