Row,avg_time_eig,avg_time_grad
WLK21,103.3545817,91.94272359
WK20,12.61401454,284.24630094
JL19,12.686583,611.93704543
