Row,avg_time_eig,avg_time_grad
WLK21,7.87263596,4.57397558
WK20,1.85917794,19.34356319
JL19,1.83607712,56.56054748
