Row,avg_time_eig,avg_time_grad
WLK21,3940.0196966,2468.0850476
WK20,465.8268318,8046.0285044
JL19,585.3442336,15177.9849154
