Row,avg_time_eig,avg_time_grad
WLK21,126.9926206,75.7698602
WK20,32.6818554,351.7224574
JL19,34.2059986,913.8996268
