Row,avg_time_eig,avg_time_grad
WLK21,560.975745,99.3713486
WK20,486.6996246,1428.7927966
JL19,568.7355582,3155.7352896
