Row,avg_time_eig,avg_time_grad
WLK21,20.8173796,11.590182
WK20,19.1568648,120.8399138
JL19,22.1945286,392.8656742
