Row,avg_time_eig,avg_time_grad
WLK21,2264.1103552,792.126912
WK20,713.8334574,11338.9409474
JL19,583.7265622,14827.5806624
