Row,avg_time_eig,avg_time_grad
WLK21,141.5747212,149.8614746
WK20,26.992572,615.5495684
JL19,29.7531112,813.288133
