Row,avg_time_eig,avg_time_grad
WLK21,122.2680188,119.7502802
WK20,19.4663,510.9299582
JL19,19.0556918,834.9194338
