Row,avg_time_eig,avg_time_grad
WLK21,112.2718286,75.0591246
WK20,25.6498656,304.0566334
JL19,26.90015,838.1154832
