Row,avg_time_eig,avg_time_grad
WLK21,18.4950096,10.9166914
WK20,17.5819716,96.2651578
JL19,18.9935446,344.539191
