Row,avg_time_eig,avg_time_grad
WLK21,1921.3707466,671.8780684
WK20,629.7405664,10009.334546
JL19,524.2262438,12469.099808
