Row,avg_time_eig,avg_time_grad
WLK21,506.1115534,89.3603544
WK20,444.5341776,1234.2298924
JL19,496.1348866,2767.8620582
