Row,avg_time_eig,avg_time_grad
WLK21,3530.703007,2200.1654168
WK20,397.8555258,7194.386712
JL19,519.9168436,13270.0158816
