Row,avg_time_eig,avg_time_grad
WLK21,0.58203844,0.46690056
WK20,0.09977986,1.37276958
JL19,0.09984559,2.56592867
