Row,avg_time_eig,avg_time_grad
WLK21,0.3572295,0.16870169
WK20,0.09856463,0.51796214
JL19,0.09877571,2.57682432
