Row,avg_time_eig,avg_time_grad
WLK21,0.4436461,0.24530547
WK20,0.36242595,2.5191145
JL19,0.37163893,8.37663341
