Row,avg_time_eig,avg_time_grad
WLK21,2.34543126,2.96207309
WK20,0.35642425,10.58918227
JL19,0.36166419,33.5472972
