Row,avg_time_eig,avg_time_grad
WLK21,1.37056606,1.06357023
WK20,0.32814158,4.43186177
JL19,0.34052543,34.70409181
