Row,avg_time_eig,avg_time_grad
WLK21,0.11185019,0.0418502
WK20,0.09968135,0.32471981
JL19,0.10036958,0.85881422
